{"cameraMode":{"drawMode":0,"name":"Shaded","section":"Shading Mode"},"sceneLighting":true,"audioPlay":false,"sceneViewState":{"m_AlwaysRefresh":false,"showFog":true,"showSkybox":true,"showFlares":true,"showImageEffects":true,"showParticleSystems":true,"showVisualEffectGraphs":true,"m_FxEnabled":true},"in2DMode":false,"pivot":{"x":-24.064655303955079,"y":69.98998260498047,"z":-39.31955337524414},"rotation":{"x":-0.06247765198349953,"y":-0.5957748293876648,"z":0.046565085649490359,"w":-0.7993700504302979},"size":62.413055419921878,"orthographic":true}